<?xml version="1.0" encoding="utf-8" ?>
<!-- SQL XML created by WWW SQL Designer, https://github.com/ondras/wwwsqldesigner/ -->
<!-- Active URL: https://ondras.zarovi.cz/sql/demo/ -->
<sql>
<datatypes db="mysql">
	<group label="Numeric" color="rgb(238,238,170)">
		<type label="Integer" length="0" sql="INTEGER" quote=""/>
	 	<type label="TINYINT" length="0" sql="TINYINT" quote=""/>
	 	<type label="SMALLINT" length="0" sql="SMALLINT" quote=""/>
	 	<type label="MEDIUMINT" length="0" sql="MEDIUMINT" quote=""/>
	 	<type label="INT" length="0" sql="INT" quote=""/>
		<type label="BIGINT" length="0" sql="BIGINT" quote=""/>
		<type label="Decimal" length="1" sql="DECIMAL" re="DEC" quote=""/>
		<type label="Single precision" length="0" sql="FLOAT" quote=""/>
		<type label="Double precision" length="0" sql="DOUBLE" re="DOUBLE" quote=""/>
	</group>

	<group label="Character" color="rgb(255,200,200)">
		<type label="Char" length="1" sql="CHAR" quote="'"/>
		<type label="Varchar" length="1" sql="VARCHAR" quote="'"/>
		<type label="Text" length="0" sql="MEDIUMTEXT" re="TEXT" quote="'"/>
		<type label="Binary" length="1" sql="BINARY" quote="'"/>
		<type label="Varbinary" length="1" sql="VARBINARY" quote="'"/>
		<type label="BLOB" length="0" sql="BLOB" re="BLOB" quote="'"/>
	</group>

	<group label="Date &amp; Time" color="rgb(200,255,200)">
		<type label="Date" length="0" sql="DATE" quote="'"/>
		<type label="Time" length="0" sql="TIME" quote="'"/>
		<type label="Datetime" length="0" sql="DATETIME" quote="'"/>
		<type label="Year" length="0" sql="YEAR" quote=""/>
		<type label="Timestamp" length="0" sql="TIMESTAMP" quote="'"/>
	</group>
	
	<group label="Miscellaneous" color="rgb(200,200,255)">
		<type label="ENUM" length="1" sql="ENUM" quote=""/>
		<type label="SET" length="1" sql="SET" quote=""/>
		<type label="Bit" length="0" sql="bit" quote=""/>
	</group>
</datatypes><table x="236" y="370" name="users">
<row name="id" null="1" autoincrement="1">
<datatype>INTEGER</datatype>
<default>NULL</default></row>
<row name="email" null="1" autoincrement="0">
<datatype>VARCHAR(255)</datatype>
<default>NULL</default></row>
<row name="password" null="1" autoincrement="0">
<datatype>VARCHAR(255)</datatype>
<default>NULL</default></row>
<row name="token" null="1" autoincrement="0">
<datatype>VARCHAR(255)</datatype>
<default>NULL</default></row>
<row name="verified" null="1" autoincrement="0">
<datatype>BINARY</datatype>
<default>'false'</default></row>
<row name="role" null="1" autoincrement="0">
<datatype>VARCHAR(255)</datatype>
<default>'default'</default></row>
<row name="phoner" null="1" autoincrement="0">
<datatype>VARCHAR(255)</datatype>
<default>NULL</default></row>
<key type="PRIMARY" name="">
<part>id</part>
</key>
</table>
<table x="580" y="223" name="customers">
<row name="id" null="1" autoincrement="1">
<datatype>INTEGER</datatype>
<default>NULL</default></row>
<row name="name" null="1" autoincrement="0">
<datatype>VARCHAR(255)</datatype>
<default>NULL</default></row>
<row name="surname" null="1" autoincrement="0">
<datatype>VARCHAR(255)</datatype>
<default>NULL</default></row>
<row name="age" null="1" autoincrement="0">
<datatype>INTEGER</datatype>
<default>NULL</default></row>
<row name="user_id" null="0" autoincrement="0">
<datatype>INTEGER</datatype>
<default>NULL</default><relation table="users" row="id" />
</row>
<row name="gender" null="1" autoincrement="0">
<datatype>VARCHAR(255)</datatype>
<default>NULL</default></row>
<key type="PRIMARY" name="">
<part>id</part>
</key>
</table>
<table x="596" y="641" name="agencies">
<row name="id" null="1" autoincrement="1">
<datatype>INTEGER</datatype>
<default>NULL</default></row>
<row name="name" null="1" autoincrement="0">
<datatype>VARCHAR(255)</datatype>
<default>NULL</default></row>
<row name="address" null="1" autoincrement="0">
<datatype>VARCHAR(255)</datatype>
<default>NULL</default></row>
<row name="website" null="1" autoincrement="0">
<datatype>VARCHAR(255)</datatype>
<default>NULL</default></row>
<row name="user_id" null="1" autoincrement="0">
<datatype>INTEGER</datatype>
<default>NULL</default><relation table="users" row="id" />
</row>
<key type="PRIMARY" name="">
<part>id</part>
</key>
</table>
<table x="1076" y="565" name="trips">
<row name="id" null="1" autoincrement="1">
<datatype>INTEGER</datatype>
<default>NULL</default></row>
<row name="title" null="1" autoincrement="0">
<datatype>VARCHAR(255)</datatype>
<default>NULL</default></row>
<row name="destination" null="1" autoincrement="0">
<datatype>VARCHAR(255)</datatype>
<default>NULL</default></row>
<row name="start_date" null="1" autoincrement="0">
<datatype>DATE</datatype>
<default>NULL</default></row>
<row name="end_date" null="1" autoincrement="0">
<datatype>DATE</datatype>
<default>NULL</default></row>
<row name="max_participants" null="1" autoincrement="0">
<datatype>INTEGER</datatype>
<default>NULL</default></row>
<row name="price" null="1" autoincrement="0">
<datatype>BIGINT</datatype>
<default>NULL</default></row>
<row name="due_date" null="1" autoincrement="0">
<datatype>DATE</datatype>
<default>NULL</default></row>
<row name="agency_id" null="1" autoincrement="0">
<datatype>INTEGER</datatype>
<default>NULL</default><relation table="agencies" row="id" />
</row>
<key type="PRIMARY" name="">
<part>id</part>
</key>
</table>
<table x="1127" y="259" name="customer_trips">
<row name="id" null="1" autoincrement="1">
<datatype>INTEGER</datatype>
<default>NULL</default></row>
<row name="customer_id" null="1" autoincrement="0">
<datatype>INTEGER</datatype>
<default>NULL</default><relation table="customers" row="id" />
</row>
<row name="trip_id" null="1" autoincrement="0">
<datatype>INTEGER</datatype>
<default>NULL</default><relation table="trips" row="id" />
</row>
<row name="paid" null="1" autoincrement="0">
<datatype>BINARY</datatype>
<default>'0'</default></row>
<key type="PRIMARY" name="">
<part>id</part>
</key>
</table>
<table x="820" y="407" name="reviews">
<row name="id" null="1" autoincrement="1">
<datatype>INTEGER</datatype>
<default>NULL</default></row>
<row name="trip_id" null="1" autoincrement="0">
<datatype>INTEGER</datatype>
<default>NULL</default><relation table="trips" row="id" />
</row>
<row name="customer_id" null="1" autoincrement="0">
<datatype>INTEGER</datatype>
<default>NULL</default><relation table="customers" row="id" />
</row>
<row name="text" null="1" autoincrement="0">
<datatype>INTEGER</datatype>
<default>NULL</default></row>
<row name="rating" null="1" autoincrement="0">
<datatype>INTEGER</datatype>
<default>NULL</default></row>
<key type="PRIMARY" name="">
<part>id</part>
</key>
</table>
</sql>
